timestamp,algorithm,scenario,seed,status,execution_time_sec,log_file
2026-05-21 16:21:00,Baseline_SUMO,0,42,FAILED (Code 1),6.65,run_Baseline_SUMO_scen0_seed42.log
2026-05-21 16:21:03,Baseline_SUMO,0,123,FAILED (Code 1),1.79,run_Baseline_SUMO_scen0_seed123.log
2026-05-21 16:21:07,Baseline_SUMO,0,456,FAILED (Code 1),1.70,run_Baseline_SUMO_scen0_seed456.log
2026-05-21 16:21:10,Baseline_SUMO,0,789,FAILED (Code 1),1.65,run_Baseline_SUMO_scen0_seed789.log
2026-05-21 16:21:13,Baseline_SUMO,0,1337,FAILED (Code 1),1.91,run_Baseline_SUMO_scen0_seed1337.log
2026-05-21 16:21:16,Baseline_SUMO,0,2024,FAILED (Code 1),1.71,run_Baseline_SUMO_scen0_seed2024.log
2026-05-21 16:21:20,Baseline_SUMO,0,3001,FAILED (Code 1),1.77,run_Baseline_SUMO_scen0_seed3001.log
2026-05-21 16:21:23,Baseline_SUMO,0,5555,FAILED (Code 1),1.82,run_Baseline_SUMO_scen0_seed5555.log
2026-05-21 16:21:26,Baseline_SUMO,0,7777,FAILED (Code 1),1.75,run_Baseline_SUMO_scen0_seed7777.log
2026-05-21 16:21:29,Baseline_SUMO,0,9999,FAILED (Code 1),1.71,run_Baseline_SUMO_scen0_seed9999.log
2026-05-21 16:21:33,Baseline_SUMO,1,42,FAILED (Code 1),1.90,run_Baseline_SUMO_scen1_seed42.log
2026-05-21 16:21:36,Baseline_SUMO,1,123,FAILED (Code 1),1.77,run_Baseline_SUMO_scen1_seed123.log
2026-05-21 16:21:39,Baseline_SUMO,1,456,FAILED (Code 1),1.68,run_Baseline_SUMO_scen1_seed456.log
2026-05-21 16:21:43,Baseline_SUMO,1,789,FAILED (Code 1),1.88,run_Baseline_SUMO_scen1_seed789.log
2026-05-21 16:21:46,Baseline_SUMO,1,1337,FAILED (Code 1),1.80,run_Baseline_SUMO_scen1_seed1337.log
2026-05-21 16:21:49,Baseline_SUMO,1,2024,FAILED (Code 1),1.85,run_Baseline_SUMO_scen1_seed2024.log
2026-05-21 16:21:52,Baseline_SUMO,1,3001,FAILED (Code 1),1.56,run_Baseline_SUMO_scen1_seed3001.log
2026-05-21 16:21:55,Baseline_SUMO,1,5555,FAILED (Code 1),1.59,run_Baseline_SUMO_scen1_seed5555.log
2026-05-21 16:21:58,Baseline_SUMO,1,7777,FAILED (Code 1),1.56,run_Baseline_SUMO_scen1_seed7777.log
2026-05-21 16:22:02,Baseline_SUMO,1,9999,FAILED (Code 1),1.77,run_Baseline_SUMO_scen1_seed9999.log
2026-05-21 16:22:05,Baseline_SUMO,2,42,FAILED (Code 1),1.75,run_Baseline_SUMO_scen2_seed42.log
2026-05-21 16:22:08,Baseline_SUMO,2,123,FAILED (Code 1),1.63,run_Baseline_SUMO_scen2_seed123.log
2026-05-21 16:22:11,Baseline_SUMO,2,456,FAILED (Code 1),1.59,run_Baseline_SUMO_scen2_seed456.log
2026-05-21 16:22:14,Baseline_SUMO,2,789,FAILED (Code 1),1.64,run_Baseline_SUMO_scen2_seed789.log
2026-05-21 16:22:17,Baseline_SUMO,2,1337,FAILED (Code 1),1.61,run_Baseline_SUMO_scen2_seed1337.log
2026-05-21 16:22:20,Baseline_SUMO,2,2024,FAILED (Code 1),1.49,run_Baseline_SUMO_scen2_seed2024.log
2026-05-21 16:22:23,Baseline_SUMO,2,3001,FAILED (Code 1),1.51,run_Baseline_SUMO_scen2_seed3001.log
2026-05-21 16:22:26,Baseline_SUMO,2,5555,FAILED (Code 1),1.50,run_Baseline_SUMO_scen2_seed5555.log
2026-05-21 16:22:29,Baseline_SUMO,2,7777,FAILED (Code 1),1.49,run_Baseline_SUMO_scen2_seed7777.log
2026-05-21 16:22:32,Baseline_SUMO,2,9999,FAILED (Code 1),1.48,run_Baseline_SUMO_scen2_seed9999.log
2026-05-21 16:22:35,Baseline_SUMO,3,42,FAILED (Code 1),1.48,run_Baseline_SUMO_scen3_seed42.log
2026-05-21 16:22:38,Baseline_SUMO,3,123,FAILED (Code 1),1.49,run_Baseline_SUMO_scen3_seed123.log
2026-05-21 16:22:41,Baseline_SUMO,3,456,FAILED (Code 1),1.49,run_Baseline_SUMO_scen3_seed456.log
2026-05-21 16:22:44,Baseline_SUMO,3,789,FAILED (Code 1),1.50,run_Baseline_SUMO_scen3_seed789.log
2026-05-21 16:22:47,Baseline_SUMO,3,1337,FAILED (Code 1),1.52,run_Baseline_SUMO_scen3_seed1337.log
2026-05-21 16:36:04,Baseline_SUMO,0,42,FAILED (Code 1),1.51,run_Baseline_SUMO_scen0_seed42.log
2026-05-21 16:36:07,Baseline_SUMO,0,123,FAILED (Code 1),1.48,run_Baseline_SUMO_scen0_seed123.log
2026-05-21 16:36:10,Baseline_SUMO,0,456,FAILED (Code 1),1.48,run_Baseline_SUMO_scen0_seed456.log
2026-05-21 16:36:13,Baseline_SUMO,0,789,FAILED (Code 1),1.46,run_Baseline_SUMO_scen0_seed789.log
2026-05-21 16:36:16,Baseline_SUMO,0,1337,FAILED (Code 1),1.47,run_Baseline_SUMO_scen0_seed1337.log
2026-05-21 16:36:19,Baseline_SUMO,0,2024,FAILED (Code 1),1.47,run_Baseline_SUMO_scen0_seed2024.log
2026-05-21 16:36:22,Baseline_SUMO,0,3001,FAILED (Code 1),1.47,run_Baseline_SUMO_scen0_seed3001.log
2026-05-21 16:36:25,Baseline_SUMO,0,5555,FAILED (Code 1),1.47,run_Baseline_SUMO_scen0_seed5555.log
2026-05-21 16:36:28,Baseline_SUMO,0,7777,FAILED (Code 1),1.48,run_Baseline_SUMO_scen0_seed7777.log
2026-05-21 16:36:31,Baseline_SUMO,0,9999,FAILED (Code 1),1.47,run_Baseline_SUMO_scen0_seed9999.log
2026-05-21 16:36:34,Baseline_SUMO,1,42,FAILED (Code 1),1.51,run_Baseline_SUMO_scen1_seed42.log
2026-05-21 16:36:37,Baseline_SUMO,1,123,FAILED (Code 1),1.48,run_Baseline_SUMO_scen1_seed123.log
2026-05-21 16:36:40,Baseline_SUMO,1,456,FAILED (Code 1),1.49,run_Baseline_SUMO_scen1_seed456.log
2026-05-21 16:36:43,Baseline_SUMO,1,789,FAILED (Code 1),1.48,run_Baseline_SUMO_scen1_seed789.log
2026-05-21 16:36:46,Baseline_SUMO,1,1337,FAILED (Code 1),1.47,run_Baseline_SUMO_scen1_seed1337.log
2026-05-21 16:36:49,Baseline_SUMO,1,2024,FAILED (Code 1),1.46,run_Baseline_SUMO_scen1_seed2024.log
2026-05-21 16:36:52,Baseline_SUMO,1,3001,FAILED (Code 1),1.48,run_Baseline_SUMO_scen1_seed3001.log
2026-05-21 16:36:55,Baseline_SUMO,1,5555,FAILED (Code 1),1.48,run_Baseline_SUMO_scen1_seed5555.log
2026-05-21 16:36:58,Baseline_SUMO,1,7777,FAILED (Code 1),1.48,run_Baseline_SUMO_scen1_seed7777.log
2026-05-21 16:37:01,Baseline_SUMO,1,9999,FAILED (Code 1),1.47,run_Baseline_SUMO_scen1_seed9999.log
2026-05-21 16:37:04,Baseline_SUMO,2,42,FAILED (Code 1),1.48,run_Baseline_SUMO_scen2_seed42.log
2026-05-21 16:37:07,Baseline_SUMO,2,123,FAILED (Code 1),1.49,run_Baseline_SUMO_scen2_seed123.log
2026-05-21 16:37:10,Baseline_SUMO,2,456,FAILED (Code 1),1.48,run_Baseline_SUMO_scen2_seed456.log
2026-05-21 16:37:13,Baseline_SUMO,2,789,FAILED (Code 1),1.48,run_Baseline_SUMO_scen2_seed789.log
2026-05-21 16:37:16,Baseline_SUMO,2,1337,FAILED (Code 1),1.51,run_Baseline_SUMO_scen2_seed1337.log
2026-05-21 16:37:19,Baseline_SUMO,2,2024,FAILED (Code 1),1.47,run_Baseline_SUMO_scen2_seed2024.log
2026-05-21 16:37:22,Baseline_SUMO,2,3001,FAILED (Code 1),1.48,run_Baseline_SUMO_scen2_seed3001.log
2026-05-21 16:37:25,Baseline_SUMO,2,5555,FAILED (Code 1),1.46,run_Baseline_SUMO_scen2_seed5555.log
2026-05-21 16:37:28,Baseline_SUMO,2,7777,FAILED (Code 1),1.48,run_Baseline_SUMO_scen2_seed7777.log
2026-05-21 16:37:31,Baseline_SUMO,2,9999,FAILED (Code 1),1.47,run_Baseline_SUMO_scen2_seed9999.log
2026-05-21 16:37:34,Baseline_SUMO,3,42,FAILED (Code 1),1.52,run_Baseline_SUMO_scen3_seed42.log
2026-05-21 16:37:37,Baseline_SUMO,3,123,FAILED (Code 1),1.47,run_Baseline_SUMO_scen3_seed123.log
2026-05-21 16:37:40,Baseline_SUMO,3,456,FAILED (Code 1),1.48,run_Baseline_SUMO_scen3_seed456.log
2026-05-21 16:37:43,Baseline_SUMO,3,789,FAILED (Code 1),1.55,run_Baseline_SUMO_scen3_seed789.log
2026-05-21 16:37:46,Baseline_SUMO,3,1337,FAILED (Code 1),1.52,run_Baseline_SUMO_scen3_seed1337.log
2026-05-21 16:37:49,Baseline_SUMO,3,2024,FAILED (Code 1),1.51,run_Baseline_SUMO_scen3_seed2024.log
2026-05-21 16:37:52,Baseline_SUMO,3,3001,FAILED (Code 1),1.52,run_Baseline_SUMO_scen3_seed3001.log
2026-05-21 16:37:55,Baseline_SUMO,3,5555,FAILED (Code 1),1.54,run_Baseline_SUMO_scen3_seed5555.log
2026-05-21 16:37:58,Baseline_SUMO,3,7777,FAILED (Code 1),1.48,run_Baseline_SUMO_scen3_seed7777.log
2026-05-21 16:38:01,Baseline_SUMO,3,9999,FAILED (Code 1),1.48,run_Baseline_SUMO_scen3_seed9999.log
2026-05-21 16:38:04,Baseline_SUMO,4,42,FAILED (Code 1),1.49,run_Baseline_SUMO_scen4_seed42.log
2026-05-21 16:38:07,Baseline_SUMO,4,123,FAILED (Code 1),1.55,run_Baseline_SUMO_scen4_seed123.log
2026-05-21 16:38:10,Baseline_SUMO,4,456,FAILED (Code 1),1.52,run_Baseline_SUMO_scen4_seed456.log
2026-05-21 16:38:13,Baseline_SUMO,4,789,FAILED (Code 1),1.53,run_Baseline_SUMO_scen4_seed789.log
2026-05-21 16:38:16,Baseline_SUMO,4,1337,FAILED (Code 1),1.52,run_Baseline_SUMO_scen4_seed1337.log
2026-05-21 16:38:19,Baseline_SUMO,4,2024,FAILED (Code 1),1.52,run_Baseline_SUMO_scen4_seed2024.log
2026-05-21 16:38:22,Baseline_SUMO,4,3001,FAILED (Code 1),1.52,run_Baseline_SUMO_scen4_seed3001.log
2026-05-21 16:38:25,Baseline_SUMO,4,5555,FAILED (Code 1),1.53,run_Baseline_SUMO_scen4_seed5555.log
2026-05-21 16:38:28,Baseline_SUMO,4,7777,FAILED (Code 1),1.52,run_Baseline_SUMO_scen4_seed7777.log
2026-05-21 16:38:31,Baseline_SUMO,4,9999,FAILED (Code 1),1.50,run_Baseline_SUMO_scen4_seed9999.log
2026-05-21 16:38:34,Baseline_SUMO,5,42,FAILED (Code 1),1.54,run_Baseline_SUMO_scen5_seed42.log
2026-05-21 16:38:37,Baseline_SUMO,5,123,FAILED (Code 1),1.54,run_Baseline_SUMO_scen5_seed123.log
2026-05-21 16:38:40,Baseline_SUMO,5,456,FAILED (Code 1),1.47,run_Baseline_SUMO_scen5_seed456.log
2026-05-21 16:38:43,Baseline_SUMO,5,789,FAILED (Code 1),1.57,run_Baseline_SUMO_scen5_seed789.log
2026-05-21 16:38:46,Baseline_SUMO,5,1337,FAILED (Code 1),1.50,run_Baseline_SUMO_scen5_seed1337.log
2026-05-21 16:38:49,Baseline_SUMO,5,2024,FAILED (Code 1),1.48,run_Baseline_SUMO_scen5_seed2024.log
2026-05-21 16:38:52,Baseline_SUMO,5,3001,FAILED (Code 1),1.56,run_Baseline_SUMO_scen5_seed3001.log
2026-05-21 16:38:55,Baseline_SUMO,5,5555,FAILED (Code 1),1.56,run_Baseline_SUMO_scen5_seed5555.log
2026-05-21 16:38:59,Baseline_SUMO,5,7777,FAILED (Code 1),1.63,run_Baseline_SUMO_scen5_seed7777.log
2026-05-21 16:39:02,Baseline_SUMO,5,9999,FAILED (Code 1),1.53,run_Baseline_SUMO_scen5_seed9999.log
2026-05-21 16:39:05,Dijkstra,0,42,FAILED (Code 1),1.59,run_Dijkstra_scen0_seed42.log
2026-05-21 16:39:08,Dijkstra,0,123,FAILED (Code 1),1.68,run_Dijkstra_scen0_seed123.log
2026-05-21 16:39:11,Dijkstra,0,456,FAILED (Code 1),1.62,run_Dijkstra_scen0_seed456.log
2026-05-21 16:39:14,Dijkstra,0,789,FAILED (Code 1),1.61,run_Dijkstra_scen0_seed789.log
2026-05-21 16:39:17,Dijkstra,0,1337,FAILED (Code 1),1.67,run_Dijkstra_scen0_seed1337.log
2026-05-21 16:39:20,Dijkstra,0,2024,FAILED (Code 1),1.59,run_Dijkstra_scen0_seed2024.log
2026-05-21 16:39:23,Dijkstra,0,3001,FAILED (Code 1),1.59,run_Dijkstra_scen0_seed3001.log
2026-05-21 16:39:27,Dijkstra,0,5555,FAILED (Code 1),1.58,run_Dijkstra_scen0_seed5555.log
2026-05-21 16:39:30,Dijkstra,0,7777,FAILED (Code 1),1.61,run_Dijkstra_scen0_seed7777.log
2026-05-21 16:39:33,Dijkstra,0,9999,FAILED (Code 1),1.66,run_Dijkstra_scen0_seed9999.log
2026-05-21 16:39:36,Dijkstra,1,42,FAILED (Code 1),1.60,run_Dijkstra_scen1_seed42.log
2026-05-21 16:39:39,Dijkstra,1,123,FAILED (Code 1),1.58,run_Dijkstra_scen1_seed123.log
2026-05-21 16:39:42,Dijkstra,1,456,FAILED (Code 1),1.63,run_Dijkstra_scen1_seed456.log
2026-05-21 16:39:45,Dijkstra,1,789,FAILED (Code 1),1.60,run_Dijkstra_scen1_seed789.log
2026-05-21 16:39:48,Dijkstra,1,1337,FAILED (Code 1),1.62,run_Dijkstra_scen1_seed1337.log
2026-05-21 16:39:52,Dijkstra,1,2024,FAILED (Code 1),1.65,run_Dijkstra_scen1_seed2024.log
2026-05-21 16:39:55,Dijkstra,1,3001,FAILED (Code 1),1.69,run_Dijkstra_scen1_seed3001.log
2026-05-21 16:39:58,Dijkstra,1,5555,FAILED (Code 1),1.69,run_Dijkstra_scen1_seed5555.log
2026-05-21 16:40:01,Dijkstra,1,7777,FAILED (Code 1),1.67,run_Dijkstra_scen1_seed7777.log
2026-05-21 16:40:04,Dijkstra,1,9999,FAILED (Code 1),1.66,run_Dijkstra_scen1_seed9999.log
2026-05-21 16:40:07,Dijkstra,2,42,FAILED (Code 1),1.72,run_Dijkstra_scen2_seed42.log
2026-05-21 16:40:11,Dijkstra,2,123,FAILED (Code 1),1.74,run_Dijkstra_scen2_seed123.log
2026-05-21 16:40:14,Dijkstra,2,456,FAILED (Code 1),1.65,run_Dijkstra_scen2_seed456.log
2026-05-21 16:40:17,Dijkstra,2,789,FAILED (Code 1),1.57,run_Dijkstra_scen2_seed789.log
2026-05-21 16:40:20,Dijkstra,2,1337,FAILED (Code 1),1.53,run_Dijkstra_scen2_seed1337.log
2026-05-21 16:40:23,Dijkstra,2,2024,FAILED (Code 1),1.48,run_Dijkstra_scen2_seed2024.log
2026-05-21 16:40:26,Dijkstra,2,3001,FAILED (Code 1),1.48,run_Dijkstra_scen2_seed3001.log
2026-05-21 16:40:29,Dijkstra,2,5555,FAILED (Code 1),1.67,run_Dijkstra_scen2_seed5555.log
2026-05-21 16:40:32,Dijkstra,2,7777,FAILED (Code 1),1.60,run_Dijkstra_scen2_seed7777.log
2026-05-21 16:40:35,Dijkstra,2,9999,FAILED (Code 1),1.59,run_Dijkstra_scen2_seed9999.log
2026-05-21 16:40:38,Dijkstra,3,42,FAILED (Code 1),1.60,run_Dijkstra_scen3_seed42.log
2026-05-21 16:40:42,Dijkstra,3,123,FAILED (Code 1),1.61,run_Dijkstra_scen3_seed123.log
2026-05-21 16:40:45,Dijkstra,3,456,FAILED (Code 1),1.61,run_Dijkstra_scen3_seed456.log
2026-05-21 16:40:48,Dijkstra,3,789,FAILED (Code 1),1.58,run_Dijkstra_scen3_seed789.log
2026-05-21 16:40:51,Dijkstra,3,1337,FAILED (Code 1),1.60,run_Dijkstra_scen3_seed1337.log
2026-05-21 16:40:54,Dijkstra,3,2024,FAILED (Code 1),1.60,run_Dijkstra_scen3_seed2024.log
2026-05-21 16:40:57,Dijkstra,3,3001,FAILED (Code 1),1.62,run_Dijkstra_scen3_seed3001.log
2026-05-21 16:41:00,Dijkstra,3,5555,FAILED (Code 1),1.58,run_Dijkstra_scen3_seed5555.log
2026-05-21 16:41:03,Dijkstra,3,7777,FAILED (Code 1),1.58,run_Dijkstra_scen3_seed7777.log
2026-05-21 16:41:06,Dijkstra,3,9999,FAILED (Code 1),1.60,run_Dijkstra_scen3_seed9999.log
2026-05-21 16:41:09,Dijkstra,4,42,FAILED (Code 1),1.61,run_Dijkstra_scen4_seed42.log
2026-05-21 16:41:13,Dijkstra,4,123,FAILED (Code 1),1.63,run_Dijkstra_scen4_seed123.log
2026-05-21 16:41:16,Dijkstra,4,456,FAILED (Code 1),1.60,run_Dijkstra_scen4_seed456.log
2026-05-21 16:41:19,Dijkstra,4,789,FAILED (Code 1),1.52,run_Dijkstra_scen4_seed789.log
2026-05-21 16:41:22,Dijkstra,4,1337,FAILED (Code 1),1.56,run_Dijkstra_scen4_seed1337.log
2026-05-21 16:41:25,Dijkstra,4,2024,FAILED (Code 1),1.56,run_Dijkstra_scen4_seed2024.log
2026-05-21 16:41:28,Dijkstra,4,3001,FAILED (Code 1),1.53,run_Dijkstra_scen4_seed3001.log
2026-05-21 16:41:31,Dijkstra,4,5555,FAILED (Code 1),1.51,run_Dijkstra_scen4_seed5555.log
2026-05-21 16:41:34,Dijkstra,4,7777,FAILED (Code 1),1.54,run_Dijkstra_scen4_seed7777.log
2026-05-21 16:41:37,Dijkstra,4,9999,FAILED (Code 1),1.52,run_Dijkstra_scen4_seed9999.log
2026-05-21 16:41:40,Dijkstra,5,42,FAILED (Code 1),1.51,run_Dijkstra_scen5_seed42.log
2026-05-21 16:41:43,Dijkstra,5,123,FAILED (Code 1),1.52,run_Dijkstra_scen5_seed123.log
2026-05-21 16:41:46,Dijkstra,5,456,FAILED (Code 1),1.52,run_Dijkstra_scen5_seed456.log
2026-05-21 16:41:49,Dijkstra,5,789,FAILED (Code 1),1.52,run_Dijkstra_scen5_seed789.log
2026-05-21 16:41:52,Dijkstra,5,1337,FAILED (Code 1),1.52,run_Dijkstra_scen5_seed1337.log
2026-05-21 16:41:55,Dijkstra,5,2024,FAILED (Code 1),1.60,run_Dijkstra_scen5_seed2024.log
2026-05-21 16:41:58,Dijkstra,5,3001,FAILED (Code 1),1.55,run_Dijkstra_scen5_seed3001.log
2026-05-21 16:42:01,Dijkstra,5,5555,FAILED (Code 1),1.53,run_Dijkstra_scen5_seed5555.log
2026-05-21 16:42:04,Dijkstra,5,7777,FAILED (Code 1),1.56,run_Dijkstra_scen5_seed7777.log
2026-05-21 16:42:07,Dijkstra,5,9999,FAILED (Code 1),1.60,run_Dijkstra_scen5_seed9999.log
2026-05-21 16:42:10,A_Star,0,42,FAILED (Code 1),1.63,run_A_Star_scen0_seed42.log
2026-05-21 16:42:14,A_Star,0,123,FAILED (Code 1),1.61,run_A_Star_scen0_seed123.log
2026-05-21 16:42:17,A_Star,0,456,FAILED (Code 1),1.61,run_A_Star_scen0_seed456.log
2026-05-21 16:42:20,A_Star,0,789,FAILED (Code 1),1.64,run_A_Star_scen0_seed789.log
2026-05-21 16:42:23,A_Star,0,1337,FAILED (Code 1),1.66,run_A_Star_scen0_seed1337.log
2026-05-21 16:42:26,A_Star,0,2024,FAILED (Code 1),1.64,run_A_Star_scen0_seed2024.log
2026-05-21 16:42:29,A_Star,0,3001,FAILED (Code 1),1.67,run_A_Star_scen0_seed3001.log
2026-05-21 16:42:33,A_Star,0,5555,FAILED (Code 1),1.66,run_A_Star_scen0_seed5555.log
2026-05-21 16:42:36,A_Star,0,7777,FAILED (Code 1),1.56,run_A_Star_scen0_seed7777.log
2026-05-21 16:42:39,A_Star,0,9999,FAILED (Code 1),1.57,run_A_Star_scen0_seed9999.log
2026-05-21 16:42:42,A_Star,1,42,FAILED (Code 1),1.57,run_A_Star_scen1_seed42.log
2026-05-21 16:42:45,A_Star,1,123,FAILED (Code 1),1.58,run_A_Star_scen1_seed123.log
2026-05-21 16:42:48,A_Star,1,456,FAILED (Code 1),1.67,run_A_Star_scen1_seed456.log
2026-05-21 16:42:51,A_Star,1,789,FAILED (Code 1),1.52,run_A_Star_scen1_seed789.log
2026-05-21 16:42:54,A_Star,1,1337,FAILED (Code 1),1.54,run_A_Star_scen1_seed1337.log
2026-05-21 16:42:57,A_Star,1,2024,FAILED (Code 1),1.51,run_A_Star_scen1_seed2024.log
2026-05-21 16:43:00,A_Star,1,3001,FAILED (Code 1),1.53,run_A_Star_scen1_seed3001.log
2026-05-21 16:43:03,A_Star,1,5555,FAILED (Code 1),1.52,run_A_Star_scen1_seed5555.log
2026-05-21 16:43:06,A_Star,1,7777,FAILED (Code 1),1.52,run_A_Star_scen1_seed7777.log
2026-05-21 16:43:09,A_Star,1,9999,FAILED (Code 1),1.52,run_A_Star_scen1_seed9999.log
2026-05-21 16:43:12,A_Star,2,42,FAILED (Code 1),1.59,run_A_Star_scen2_seed42.log
2026-05-21 16:43:15,A_Star,2,123,FAILED (Code 1),1.61,run_A_Star_scen2_seed123.log
2026-05-21 16:43:18,A_Star,2,456,FAILED (Code 1),1.56,run_A_Star_scen2_seed456.log
2026-05-21 16:43:21,A_Star,2,789,FAILED (Code 1),1.55,run_A_Star_scen2_seed789.log
2026-05-21 16:43:25,A_Star,2,1337,FAILED (Code 1),1.57,run_A_Star_scen2_seed1337.log
2026-05-21 16:43:28,A_Star,2,2024,FAILED (Code 1),1.56,run_A_Star_scen2_seed2024.log
2026-05-21 16:43:31,A_Star,2,3001,FAILED (Code 1),1.56,run_A_Star_scen2_seed3001.log
2026-05-21 16:43:34,A_Star,2,5555,FAILED (Code 1),1.58,run_A_Star_scen2_seed5555.log
2026-05-21 16:43:37,A_Star,2,7777,FAILED (Code 1),1.55,run_A_Star_scen2_seed7777.log
2026-05-21 16:43:40,A_Star,2,9999,FAILED (Code 1),1.54,run_A_Star_scen2_seed9999.log
2026-05-21 16:43:43,A_Star,3,42,FAILED (Code 1),1.53,run_A_Star_scen3_seed42.log
2026-05-21 16:43:46,A_Star,3,123,FAILED (Code 1),1.56,run_A_Star_scen3_seed123.log
2026-05-21 16:43:49,A_Star,3,456,FAILED (Code 1),1.55,run_A_Star_scen3_seed456.log
2026-05-21 16:43:52,A_Star,3,789,FAILED (Code 1),1.57,run_A_Star_scen3_seed789.log
2026-05-21 16:43:55,A_Star,3,1337,FAILED (Code 1),1.57,run_A_Star_scen3_seed1337.log
2026-05-21 16:43:58,A_Star,3,2024,FAILED (Code 1),1.56,run_A_Star_scen3_seed2024.log
2026-05-21 16:44:01,A_Star,3,3001,FAILED (Code 1),1.53,run_A_Star_scen3_seed3001.log
2026-05-21 16:44:04,A_Star,3,5555,FAILED (Code 1),1.52,run_A_Star_scen3_seed5555.log
2026-05-21 16:44:07,A_Star,3,7777,FAILED (Code 1),1.54,run_A_Star_scen3_seed7777.log
2026-05-21 16:44:10,A_Star,3,9999,FAILED (Code 1),1.52,run_A_Star_scen3_seed9999.log
2026-05-21 16:44:13,A_Star,4,42,FAILED (Code 1),1.52,run_A_Star_scen4_seed42.log
2026-05-21 16:44:16,A_Star,4,123,FAILED (Code 1),1.53,run_A_Star_scen4_seed123.log
2026-05-21 16:44:19,A_Star,4,456,FAILED (Code 1),1.53,run_A_Star_scen4_seed456.log
2026-05-21 16:44:22,A_Star,4,789,FAILED (Code 1),1.56,run_A_Star_scen4_seed789.log
2026-05-21 16:44:26,A_Star,4,1337,FAILED (Code 1),1.55,run_A_Star_scen4_seed1337.log
2026-05-21 16:44:29,A_Star,4,2024,FAILED (Code 1),1.52,run_A_Star_scen4_seed2024.log
2026-05-21 16:44:32,A_Star,4,3001,FAILED (Code 1),1.54,run_A_Star_scen4_seed3001.log
2026-05-21 16:44:35,A_Star,4,5555,FAILED (Code 1),1.57,run_A_Star_scen4_seed5555.log
2026-05-21 16:44:38,A_Star,4,7777,FAILED (Code 1),1.53,run_A_Star_scen4_seed7777.log
2026-05-21 16:44:41,A_Star,4,9999,FAILED (Code 1),1.54,run_A_Star_scen4_seed9999.log
2026-05-21 16:44:44,A_Star,5,42,FAILED (Code 1),1.56,run_A_Star_scen5_seed42.log
2026-05-21 16:44:47,A_Star,5,123,FAILED (Code 1),1.61,run_A_Star_scen5_seed123.log
2026-05-21 16:44:50,A_Star,5,456,FAILED (Code 1),1.65,run_A_Star_scen5_seed456.log
2026-05-21 16:44:53,A_Star,5,789,FAILED (Code 1),1.59,run_A_Star_scen5_seed789.log
2026-05-21 16:44:56,A_Star,5,1337,FAILED (Code 1),1.59,run_A_Star_scen5_seed1337.log
2026-05-21 16:44:59,A_Star,5,2024,FAILED (Code 1),1.68,run_A_Star_scen5_seed2024.log
2026-05-21 16:45:03,A_Star,5,3001,FAILED (Code 1),1.60,run_A_Star_scen5_seed3001.log
2026-05-21 16:45:06,A_Star,5,5555,FAILED (Code 1),1.60,run_A_Star_scen5_seed5555.log
2026-05-21 16:45:09,A_Star,5,7777,FAILED (Code 1),1.60,run_A_Star_scen5_seed7777.log
2026-05-21 16:45:12,A_Star,5,9999,FAILED (Code 1),1.59,run_A_Star_scen5_seed9999.log
2026-05-21 16:45:15,BCO_Standalone,0,42,FAILED (Code 1),1.72,run_BCO_Standalone_scen0_seed42.log
2026-05-21 16:45:18,BCO_Standalone,0,123,FAILED (Code 1),1.65,run_BCO_Standalone_scen0_seed123.log
2026-05-21 16:45:21,BCO_Standalone,0,456,FAILED (Code 1),1.53,run_BCO_Standalone_scen0_seed456.log
2026-05-21 16:45:24,BCO_Standalone,0,789,FAILED (Code 1),1.55,run_BCO_Standalone_scen0_seed789.log
2026-05-21 16:45:27,BCO_Standalone,0,1337,FAILED (Code 1),1.54,run_BCO_Standalone_scen0_seed1337.log
2026-05-21 16:45:30,BCO_Standalone,0,2024,FAILED (Code 1),1.52,run_BCO_Standalone_scen0_seed2024.log
2026-05-21 16:45:33,BCO_Standalone,0,3001,FAILED (Code 1),1.52,run_BCO_Standalone_scen0_seed3001.log
2026-05-21 16:45:36,BCO_Standalone,0,5555,FAILED (Code 1),1.54,run_BCO_Standalone_scen0_seed5555.log
2026-05-21 16:45:39,BCO_Standalone,0,7777,FAILED (Code 1),1.55,run_BCO_Standalone_scen0_seed7777.log
2026-05-21 16:45:42,BCO_Standalone,0,9999,FAILED (Code 1),1.47,run_BCO_Standalone_scen0_seed9999.log
2026-05-21 16:45:45,BCO_Standalone,1,42,FAILED (Code 1),1.49,run_BCO_Standalone_scen1_seed42.log
2026-05-21 16:45:48,BCO_Standalone,1,123,FAILED (Code 1),1.48,run_BCO_Standalone_scen1_seed123.log
2026-05-21 16:45:51,BCO_Standalone,1,456,FAILED (Code 1),1.55,run_BCO_Standalone_scen1_seed456.log
2026-05-21 16:45:54,BCO_Standalone,1,789,FAILED (Code 1),1.51,run_BCO_Standalone_scen1_seed789.log
2026-05-21 16:45:57,BCO_Standalone,1,1337,FAILED (Code 1),1.50,run_BCO_Standalone_scen1_seed1337.log
2026-05-21 16:46:01,BCO_Standalone,1,2024,FAILED (Code 1),1.57,run_BCO_Standalone_scen1_seed2024.log
2026-05-21 16:46:04,BCO_Standalone,1,3001,FAILED (Code 1),1.49,run_BCO_Standalone_scen1_seed3001.log
2026-05-21 16:46:07,BCO_Standalone,1,5555,FAILED (Code 1),1.48,run_BCO_Standalone_scen1_seed5555.log
2026-05-21 16:46:10,BCO_Standalone,1,7777,FAILED (Code 1),1.48,run_BCO_Standalone_scen1_seed7777.log
2026-05-21 16:46:13,BCO_Standalone,1,9999,FAILED (Code 1),1.50,run_BCO_Standalone_scen1_seed9999.log
2026-05-21 16:46:16,BCO_Standalone,2,42,FAILED (Code 1),1.49,run_BCO_Standalone_scen2_seed42.log
2026-05-21 16:46:18,BCO_Standalone,2,123,FAILED (Code 1),1.47,run_BCO_Standalone_scen2_seed123.log
2026-05-21 16:46:21,BCO_Standalone,2,456,FAILED (Code 1),1.49,run_BCO_Standalone_scen2_seed456.log
2026-05-21 16:46:24,BCO_Standalone,2,789,FAILED (Code 1),1.48,run_BCO_Standalone_scen2_seed789.log
2026-05-21 16:46:27,BCO_Standalone,2,1337,FAILED (Code 1),1.53,run_BCO_Standalone_scen2_seed1337.log
2026-05-21 16:46:30,BCO_Standalone,2,2024,FAILED (Code 1),1.49,run_BCO_Standalone_scen2_seed2024.log
2026-05-21 16:46:33,BCO_Standalone,2,3001,FAILED (Code 1),1.49,run_BCO_Standalone_scen2_seed3001.log
2026-05-21 16:46:36,BCO_Standalone,2,5555,FAILED (Code 1),1.49,run_BCO_Standalone_scen2_seed5555.log
2026-05-21 16:46:39,BCO_Standalone,2,7777,FAILED (Code 1),1.47,run_BCO_Standalone_scen2_seed7777.log
2026-05-21 16:46:42,BCO_Standalone,2,9999,FAILED (Code 1),1.49,run_BCO_Standalone_scen2_seed9999.log
2026-05-21 16:46:45,BCO_Standalone,3,42,FAILED (Code 1),1.48,run_BCO_Standalone_scen3_seed42.log
2026-05-21 16:46:48,BCO_Standalone,3,123,FAILED (Code 1),1.47,run_BCO_Standalone_scen3_seed123.log
2026-05-21 16:46:51,BCO_Standalone,3,456,FAILED (Code 1),1.48,run_BCO_Standalone_scen3_seed456.log
2026-05-21 16:46:54,BCO_Standalone,3,789,FAILED (Code 1),1.47,run_BCO_Standalone_scen3_seed789.log
2026-05-21 16:46:57,BCO_Standalone,3,1337,FAILED (Code 1),1.49,run_BCO_Standalone_scen3_seed1337.log
2026-05-21 16:47:00,BCO_Standalone,3,2024,FAILED (Code 1),1.49,run_BCO_Standalone_scen3_seed2024.log
2026-05-21 16:47:03,BCO_Standalone,3,3001,FAILED (Code 1),1.49,run_BCO_Standalone_scen3_seed3001.log
2026-05-21 16:47:06,BCO_Standalone,3,5555,FAILED (Code 1),1.48,run_BCO_Standalone_scen3_seed5555.log
2026-05-21 16:47:09,BCO_Standalone,3,7777,FAILED (Code 1),1.49,run_BCO_Standalone_scen3_seed7777.log
2026-05-21 16:47:12,BCO_Standalone,3,9999,FAILED (Code 1),1.49,run_BCO_Standalone_scen3_seed9999.log
2026-05-21 16:47:15,BCO_Standalone,4,42,FAILED (Code 1),1.48,run_BCO_Standalone_scen4_seed42.log
2026-05-21 16:47:18,BCO_Standalone,4,123,FAILED (Code 1),1.48,run_BCO_Standalone_scen4_seed123.log
2026-05-21 16:47:21,BCO_Standalone,4,456,FAILED (Code 1),1.47,run_BCO_Standalone_scen4_seed456.log
2026-05-21 16:47:24,BCO_Standalone,4,789,FAILED (Code 1),1.49,run_BCO_Standalone_scen4_seed789.log
2026-05-21 16:47:27,BCO_Standalone,4,1337,FAILED (Code 1),1.47,run_BCO_Standalone_scen4_seed1337.log
2026-05-21 16:47:30,BCO_Standalone,4,2024,FAILED (Code 1),1.48,run_BCO_Standalone_scen4_seed2024.log
2026-05-21 16:47:33,BCO_Standalone,4,3001,FAILED (Code 1),1.47,run_BCO_Standalone_scen4_seed3001.log
2026-05-21 16:47:36,BCO_Standalone,4,5555,FAILED (Code 1),1.48,run_BCO_Standalone_scen4_seed5555.log
2026-05-21 16:47:39,BCO_Standalone,4,7777,FAILED (Code 1),1.52,run_BCO_Standalone_scen4_seed7777.log
2026-05-21 16:47:42,BCO_Standalone,4,9999,FAILED (Code 1),1.48,run_BCO_Standalone_scen4_seed9999.log
2026-05-21 16:47:45,BCO_Standalone,5,42,FAILED (Code 1),1.48,run_BCO_Standalone_scen5_seed42.log
2026-05-21 16:47:48,BCO_Standalone,5,123,FAILED (Code 1),1.48,run_BCO_Standalone_scen5_seed123.log
2026-05-21 16:47:51,BCO_Standalone,5,456,FAILED (Code 1),1.49,run_BCO_Standalone_scen5_seed456.log
2026-05-21 16:47:54,BCO_Standalone,5,789,FAILED (Code 1),1.50,run_BCO_Standalone_scen5_seed789.log
2026-05-21 16:47:57,BCO_Standalone,5,1337,FAILED (Code 1),1.49,run_BCO_Standalone_scen5_seed1337.log
2026-05-21 16:48:00,BCO_Standalone,5,2024,FAILED (Code 1),1.49,run_BCO_Standalone_scen5_seed2024.log
2026-05-21 16:48:03,BCO_Standalone,5,3001,FAILED (Code 1),1.49,run_BCO_Standalone_scen5_seed3001.log
2026-05-21 16:48:06,BCO_Standalone,5,5555,FAILED (Code 1),1.48,run_BCO_Standalone_scen5_seed5555.log
2026-05-21 16:48:09,BCO_Standalone,5,7777,FAILED (Code 1),1.49,run_BCO_Standalone_scen5_seed7777.log
2026-05-21 16:48:12,BCO_Standalone,5,9999,FAILED (Code 1),1.59,run_BCO_Standalone_scen5_seed9999.log
2026-05-21 16:48:15,ACO_Standalone,0,42,FAILED (Code 1),1.49,run_ACO_Standalone_scen0_seed42.log
2026-05-21 16:48:18,ACO_Standalone,0,123,FAILED (Code 1),1.47,run_ACO_Standalone_scen0_seed123.log
2026-05-21 16:48:21,ACO_Standalone,0,456,FAILED (Code 1),1.48,run_ACO_Standalone_scen0_seed456.log
2026-05-21 16:48:24,ACO_Standalone,0,789,FAILED (Code 1),1.47,run_ACO_Standalone_scen0_seed789.log
2026-05-21 16:48:27,ACO_Standalone,0,1337,FAILED (Code 1),1.49,run_ACO_Standalone_scen0_seed1337.log
2026-05-21 16:48:30,ACO_Standalone,0,2024,FAILED (Code 1),1.53,run_ACO_Standalone_scen0_seed2024.log
2026-05-21 16:48:33,ACO_Standalone,0,3001,FAILED (Code 1),1.50,run_ACO_Standalone_scen0_seed3001.log
2026-05-21 16:48:36,ACO_Standalone,0,5555,FAILED (Code 1),1.48,run_ACO_Standalone_scen0_seed5555.log
2026-05-21 16:48:39,ACO_Standalone,0,7777,FAILED (Code 1),1.49,run_ACO_Standalone_scen0_seed7777.log
2026-05-21 16:48:42,ACO_Standalone,0,9999,FAILED (Code 1),1.49,run_ACO_Standalone_scen0_seed9999.log
2026-05-21 16:48:45,ACO_Standalone,1,42,FAILED (Code 1),1.49,run_ACO_Standalone_scen1_seed42.log
2026-05-21 16:48:48,ACO_Standalone,1,123,FAILED (Code 1),1.50,run_ACO_Standalone_scen1_seed123.log
2026-05-21 16:48:51,ACO_Standalone,1,456,FAILED (Code 1),1.50,run_ACO_Standalone_scen1_seed456.log
2026-05-21 16:48:54,ACO_Standalone,1,789,FAILED (Code 1),1.48,run_ACO_Standalone_scen1_seed789.log
2026-05-21 16:48:57,ACO_Standalone,1,1337,FAILED (Code 1),1.62,run_ACO_Standalone_scen1_seed1337.log
2026-05-21 16:49:00,ACO_Standalone,1,2024,FAILED (Code 1),1.55,run_ACO_Standalone_scen1_seed2024.log
2026-05-21 16:49:03,ACO_Standalone,1,3001,FAILED (Code 1),1.62,run_ACO_Standalone_scen1_seed3001.log
2026-05-21 16:49:06,ACO_Standalone,1,5555,FAILED (Code 1),1.59,run_ACO_Standalone_scen1_seed5555.log
2026-05-21 16:49:10,ACO_Standalone,1,7777,FAILED (Code 1),1.61,run_ACO_Standalone_scen1_seed7777.log
2026-05-21 16:49:13,ACO_Standalone,1,9999,FAILED (Code 1),1.53,run_ACO_Standalone_scen1_seed9999.log
2026-05-21 16:49:16,ACO_Standalone,2,42,FAILED (Code 1),1.50,run_ACO_Standalone_scen2_seed42.log
2026-05-21 16:49:19,ACO_Standalone,2,123,FAILED (Code 1),1.48,run_ACO_Standalone_scen2_seed123.log
2026-05-21 16:49:22,ACO_Standalone,2,456,FAILED (Code 1),1.48,run_ACO_Standalone_scen2_seed456.log
2026-05-21 16:49:25,ACO_Standalone,2,789,FAILED (Code 1),1.46,run_ACO_Standalone_scen2_seed789.log
2026-05-21 16:49:28,ACO_Standalone,2,1337,FAILED (Code 1),1.48,run_ACO_Standalone_scen2_seed1337.log
2026-05-21 16:49:30,ACO_Standalone,2,2024,FAILED (Code 1),1.48,run_ACO_Standalone_scen2_seed2024.log
2026-05-21 16:49:33,ACO_Standalone,2,3001,FAILED (Code 1),1.50,run_ACO_Standalone_scen2_seed3001.log
2026-05-21 16:49:36,ACO_Standalone,2,5555,FAILED (Code 1),1.49,run_ACO_Standalone_scen2_seed5555.log
2026-05-21 16:49:39,ACO_Standalone,2,7777,FAILED (Code 1),1.47,run_ACO_Standalone_scen2_seed7777.log
2026-05-21 16:49:42,ACO_Standalone,2,9999,FAILED (Code 1),1.47,run_ACO_Standalone_scen2_seed9999.log
2026-05-21 16:49:45,ACO_Standalone,3,42,FAILED (Code 1),1.49,run_ACO_Standalone_scen3_seed42.log
2026-05-21 16:49:48,ACO_Standalone,3,123,FAILED (Code 1),1.47,run_ACO_Standalone_scen3_seed123.log
2026-05-21 16:49:51,ACO_Standalone,3,456,FAILED (Code 1),1.48,run_ACO_Standalone_scen3_seed456.log
2026-05-21 16:49:54,ACO_Standalone,3,789,FAILED (Code 1),1.47,run_ACO_Standalone_scen3_seed789.log
2026-05-21 16:49:57,ACO_Standalone,3,1337,FAILED (Code 1),1.47,run_ACO_Standalone_scen3_seed1337.log
2026-05-21 16:50:00,ACO_Standalone,3,2024,FAILED (Code 1),1.48,run_ACO_Standalone_scen3_seed2024.log
2026-05-21 16:50:03,ACO_Standalone,3,3001,FAILED (Code 1),1.47,run_ACO_Standalone_scen3_seed3001.log
2026-05-21 16:50:06,ACO_Standalone,3,5555,FAILED (Code 1),1.52,run_ACO_Standalone_scen3_seed5555.log
2026-05-21 16:50:09,ACO_Standalone,3,7777,FAILED (Code 1),1.47,run_ACO_Standalone_scen3_seed7777.log
2026-05-21 16:50:12,ACO_Standalone,3,9999,FAILED (Code 1),1.52,run_ACO_Standalone_scen3_seed9999.log
2026-05-21 16:50:15,ACO_Standalone,4,42,FAILED (Code 1),1.48,run_ACO_Standalone_scen4_seed42.log
2026-05-21 16:50:18,ACO_Standalone,4,123,FAILED (Code 1),1.48,run_ACO_Standalone_scen4_seed123.log
2026-05-21 16:50:21,ACO_Standalone,4,456,FAILED (Code 1),1.48,run_ACO_Standalone_scen4_seed456.log
2026-05-21 16:50:24,ACO_Standalone,4,789,FAILED (Code 1),1.49,run_ACO_Standalone_scen4_seed789.log
2026-05-21 16:50:27,ACO_Standalone,4,1337,FAILED (Code 1),1.50,run_ACO_Standalone_scen4_seed1337.log
2026-05-21 16:50:30,ACO_Standalone,4,2024,FAILED (Code 1),1.49,run_ACO_Standalone_scen4_seed2024.log
2026-05-21 16:50:33,ACO_Standalone,4,3001,FAILED (Code 1),1.49,run_ACO_Standalone_scen4_seed3001.log
2026-05-21 16:50:36,ACO_Standalone,4,5555,FAILED (Code 1),1.48,run_ACO_Standalone_scen4_seed5555.log
2026-05-21 16:50:39,ACO_Standalone,4,7777,FAILED (Code 1),1.48,run_ACO_Standalone_scen4_seed7777.log
2026-05-21 16:50:42,ACO_Standalone,4,9999,FAILED (Code 1),1.47,run_ACO_Standalone_scen4_seed9999.log
2026-05-21 16:50:45,ACO_Standalone,5,42,FAILED (Code 1),1.48,run_ACO_Standalone_scen5_seed42.log
2026-05-21 16:50:48,ACO_Standalone,5,123,FAILED (Code 1),1.50,run_ACO_Standalone_scen5_seed123.log
2026-05-21 16:50:51,ACO_Standalone,5,456,FAILED (Code 1),1.48,run_ACO_Standalone_scen5_seed456.log
2026-05-21 16:50:54,ACO_Standalone,5,789,FAILED (Code 1),1.48,run_ACO_Standalone_scen5_seed789.log
2026-05-21 16:50:57,ACO_Standalone,5,1337,FAILED (Code 1),1.47,run_ACO_Standalone_scen5_seed1337.log
2026-05-21 16:51:00,ACO_Standalone,5,2024,FAILED (Code 1),1.48,run_ACO_Standalone_scen5_seed2024.log
2026-05-21 16:51:03,ACO_Standalone,5,3001,FAILED (Code 1),1.48,run_ACO_Standalone_scen5_seed3001.log
2026-05-21 16:51:06,ACO_Standalone,5,5555,FAILED (Code 1),1.48,run_ACO_Standalone_scen5_seed5555.log
2026-05-21 16:51:09,ACO_Standalone,5,7777,FAILED (Code 1),1.48,run_ACO_Standalone_scen5_seed7777.log
2026-05-21 16:51:12,ACO_Standalone,5,9999,FAILED (Code 1),1.48,run_ACO_Standalone_scen5_seed9999.log
2026-05-21 16:51:15,PSO_Standalone,0,42,FAILED (Code 1),1.47,run_PSO_Standalone_scen0_seed42.log
2026-05-21 16:51:18,PSO_Standalone,0,123,FAILED (Code 1),1.48,run_PSO_Standalone_scen0_seed123.log
2026-05-21 16:51:21,PSO_Standalone,0,456,FAILED (Code 1),1.48,run_PSO_Standalone_scen0_seed456.log
2026-05-21 16:51:24,PSO_Standalone,0,789,FAILED (Code 1),1.48,run_PSO_Standalone_scen0_seed789.log
2026-05-21 16:51:27,PSO_Standalone,0,1337,FAILED (Code 1),1.48,run_PSO_Standalone_scen0_seed1337.log
2026-05-21 16:51:30,PSO_Standalone,0,2024,FAILED (Code 1),1.47,run_PSO_Standalone_scen0_seed2024.log
2026-05-21 16:51:33,PSO_Standalone,0,3001,FAILED (Code 1),1.53,run_PSO_Standalone_scen0_seed3001.log
2026-05-21 16:51:36,PSO_Standalone,0,5555,FAILED (Code 1),1.60,run_PSO_Standalone_scen0_seed5555.log
2026-05-21 16:51:39,PSO_Standalone,0,7777,FAILED (Code 1),1.60,run_PSO_Standalone_scen0_seed7777.log
2026-05-21 16:51:42,PSO_Standalone,0,9999,FAILED (Code 1),1.75,run_PSO_Standalone_scen0_seed9999.log
2026-05-21 16:51:45,PSO_Standalone,1,42,FAILED (Code 1),1.61,run_PSO_Standalone_scen1_seed42.log
2026-05-21 16:51:49,PSO_Standalone,1,123,FAILED (Code 1),1.53,run_PSO_Standalone_scen1_seed123.log
2026-05-21 16:51:52,PSO_Standalone,1,456,FAILED (Code 1),1.65,run_PSO_Standalone_scen1_seed456.log
2026-05-21 16:51:55,PSO_Standalone,1,789,FAILED (Code 1),1.66,run_PSO_Standalone_scen1_seed789.log
2026-05-21 16:51:58,PSO_Standalone,1,1337,FAILED (Code 1),1.57,run_PSO_Standalone_scen1_seed1337.log
2026-05-21 16:52:01,PSO_Standalone,1,2024,FAILED (Code 1),1.66,run_PSO_Standalone_scen1_seed2024.log
2026-05-21 16:52:04,PSO_Standalone,1,3001,FAILED (Code 1),1.55,run_PSO_Standalone_scen1_seed3001.log
2026-05-21 16:52:07,PSO_Standalone,1,5555,FAILED (Code 1),1.55,run_PSO_Standalone_scen1_seed5555.log
2026-05-21 16:52:10,PSO_Standalone,1,7777,FAILED (Code 1),1.61,run_PSO_Standalone_scen1_seed7777.log
2026-05-21 16:52:13,PSO_Standalone,1,9999,FAILED (Code 1),1.52,run_PSO_Standalone_scen1_seed9999.log
2026-05-21 16:52:16,PSO_Standalone,2,42,FAILED (Code 1),1.53,run_PSO_Standalone_scen2_seed42.log
2026-05-21 16:52:19,PSO_Standalone,2,123,FAILED (Code 1),1.51,run_PSO_Standalone_scen2_seed123.log
2026-05-21 16:52:22,PSO_Standalone,2,456,FAILED (Code 1),1.52,run_PSO_Standalone_scen2_seed456.log
2026-05-21 16:52:25,PSO_Standalone,2,789,FAILED (Code 1),1.51,run_PSO_Standalone_scen2_seed789.log
2026-05-21 16:52:28,PSO_Standalone,2,1337,FAILED (Code 1),1.53,run_PSO_Standalone_scen2_seed1337.log
2026-05-21 16:52:31,PSO_Standalone,2,2024,FAILED (Code 1),1.50,run_PSO_Standalone_scen2_seed2024.log
2026-05-21 16:52:34,PSO_Standalone,2,3001,FAILED (Code 1),1.53,run_PSO_Standalone_scen2_seed3001.log
2026-05-21 16:52:37,PSO_Standalone,2,5555,FAILED (Code 1),1.51,run_PSO_Standalone_scen2_seed5555.log
2026-05-21 16:52:40,PSO_Standalone,2,7777,FAILED (Code 1),1.51,run_PSO_Standalone_scen2_seed7777.log
2026-05-21 16:52:44,PSO_Standalone,2,9999,FAILED (Code 1),1.51,run_PSO_Standalone_scen2_seed9999.log
2026-05-21 16:52:47,PSO_Standalone,3,42,FAILED (Code 1),1.64,run_PSO_Standalone_scen3_seed42.log
2026-05-21 16:52:50,PSO_Standalone,3,123,FAILED (Code 1),1.54,run_PSO_Standalone_scen3_seed123.log
2026-05-21 16:52:53,PSO_Standalone,3,456,FAILED (Code 1),1.52,run_PSO_Standalone_scen3_seed456.log
2026-05-21 16:52:56,PSO_Standalone,3,789,FAILED (Code 1),1.54,run_PSO_Standalone_scen3_seed789.log
2026-05-21 16:52:59,PSO_Standalone,3,1337,FAILED (Code 1),1.51,run_PSO_Standalone_scen3_seed1337.log
2026-05-21 16:53:02,PSO_Standalone,3,2024,FAILED (Code 1),1.52,run_PSO_Standalone_scen3_seed2024.log
2026-05-21 16:53:05,PSO_Standalone,3,3001,FAILED (Code 1),1.52,run_PSO_Standalone_scen3_seed3001.log
2026-05-21 16:53:08,PSO_Standalone,3,5555,FAILED (Code 1),1.52,run_PSO_Standalone_scen3_seed5555.log
2026-05-21 16:53:11,PSO_Standalone,3,7777,FAILED (Code 1),1.52,run_PSO_Standalone_scen3_seed7777.log
2026-05-21 16:53:14,PSO_Standalone,3,9999,FAILED (Code 1),1.52,run_PSO_Standalone_scen3_seed9999.log
2026-05-21 16:53:17,PSO_Standalone,4,42,FAILED (Code 1),1.51,run_PSO_Standalone_scen4_seed42.log
2026-05-21 16:53:20,PSO_Standalone,4,123,FAILED (Code 1),1.51,run_PSO_Standalone_scen4_seed123.log
2026-05-21 16:53:23,PSO_Standalone,4,456,FAILED (Code 1),1.52,run_PSO_Standalone_scen4_seed456.log
2026-05-21 16:53:26,PSO_Standalone,4,789,FAILED (Code 1),1.60,run_PSO_Standalone_scen4_seed789.log
2026-05-21 16:53:29,PSO_Standalone,4,1337,FAILED (Code 1),1.64,run_PSO_Standalone_scen4_seed1337.log
2026-05-21 16:53:33,PSO_Standalone,4,2024,FAILED (Code 1),1.83,run_PSO_Standalone_scen4_seed2024.log
2026-05-21 16:53:36,PSO_Standalone,4,3001,FAILED (Code 1),1.56,run_PSO_Standalone_scen4_seed3001.log
2026-05-21 16:53:39,PSO_Standalone,4,5555,FAILED (Code 1),1.55,run_PSO_Standalone_scen4_seed5555.log
2026-05-21 16:53:42,PSO_Standalone,4,7777,FAILED (Code 1),1.51,run_PSO_Standalone_scen4_seed7777.log
2026-05-21 16:53:45,PSO_Standalone,4,9999,FAILED (Code 1),1.52,run_PSO_Standalone_scen4_seed9999.log
2026-05-21 16:53:48,PSO_Standalone,5,42,FAILED (Code 1),1.52,run_PSO_Standalone_scen5_seed42.log
2026-05-21 16:53:51,PSO_Standalone,5,123,FAILED (Code 1),1.61,run_PSO_Standalone_scen5_seed123.log
2026-05-21 16:53:54,PSO_Standalone,5,456,FAILED (Code 1),1.67,run_PSO_Standalone_scen5_seed456.log
2026-05-21 16:53:57,PSO_Standalone,5,789,FAILED (Code 1),1.52,run_PSO_Standalone_scen5_seed789.log
2026-05-21 16:54:00,PSO_Standalone,5,1337,FAILED (Code 1),1.52,run_PSO_Standalone_scen5_seed1337.log
2026-05-21 16:54:03,PSO_Standalone,5,2024,FAILED (Code 1),1.56,run_PSO_Standalone_scen5_seed2024.log
2026-05-21 16:54:06,PSO_Standalone,5,3001,FAILED (Code 1),1.51,run_PSO_Standalone_scen5_seed3001.log
2026-05-21 16:54:09,PSO_Standalone,5,5555,FAILED (Code 1),1.52,run_PSO_Standalone_scen5_seed5555.log
2026-05-21 16:54:12,PSO_Standalone,5,7777,FAILED (Code 1),1.67,run_PSO_Standalone_scen5_seed7777.log
2026-05-21 16:54:15,PSO_Standalone,5,9999,FAILED (Code 1),1.56,run_PSO_Standalone_scen5_seed9999.log
2026-05-21 16:54:18,E3_Hybrid_Complete,0,42,FAILED (Code 1),1.65,run_E3_Hybrid_Complete_scen0_seed42.log
2026-05-21 16:54:22,E3_Hybrid_Complete,0,123,FAILED (Code 1),1.56,run_E3_Hybrid_Complete_scen0_seed123.log
2026-05-21 16:54:25,E3_Hybrid_Complete,0,456,FAILED (Code 1),1.58,run_E3_Hybrid_Complete_scen0_seed456.log
2026-05-21 16:54:28,E3_Hybrid_Complete,0,789,FAILED (Code 1),1.59,run_E3_Hybrid_Complete_scen0_seed789.log
2026-05-21 16:54:31,E3_Hybrid_Complete,0,1337,FAILED (Code 1),1.58,run_E3_Hybrid_Complete_scen0_seed1337.log
2026-05-21 16:54:34,E3_Hybrid_Complete,0,2024,FAILED (Code 1),1.68,run_E3_Hybrid_Complete_scen0_seed2024.log
2026-05-21 16:54:37,E3_Hybrid_Complete,0,3001,FAILED (Code 1),1.59,run_E3_Hybrid_Complete_scen0_seed3001.log
2026-05-21 16:54:40,E3_Hybrid_Complete,0,5555,FAILED (Code 1),1.60,run_E3_Hybrid_Complete_scen0_seed5555.log
2026-05-21 16:54:43,E3_Hybrid_Complete,0,7777,FAILED (Code 1),1.62,run_E3_Hybrid_Complete_scen0_seed7777.log
2026-05-21 16:54:46,E3_Hybrid_Complete,0,9999,FAILED (Code 1),1.69,run_E3_Hybrid_Complete_scen0_seed9999.log
2026-05-21 16:54:50,E3_Hybrid_Complete,1,42,FAILED (Code 1),1.66,run_E3_Hybrid_Complete_scen1_seed42.log
2026-05-21 16:54:53,E3_Hybrid_Complete,1,123,FAILED (Code 1),1.64,run_E3_Hybrid_Complete_scen1_seed123.log
2026-05-21 16:54:56,E3_Hybrid_Complete,1,456,FAILED (Code 1),1.54,run_E3_Hybrid_Complete_scen1_seed456.log
2026-05-21 16:54:59,E3_Hybrid_Complete,1,789,FAILED (Code 1),1.52,run_E3_Hybrid_Complete_scen1_seed789.log
2026-05-21 16:55:02,E3_Hybrid_Complete,1,1337,FAILED (Code 1),1.47,run_E3_Hybrid_Complete_scen1_seed1337.log
2026-05-21 16:55:05,E3_Hybrid_Complete,1,2024,FAILED (Code 1),1.49,run_E3_Hybrid_Complete_scen1_seed2024.log
2026-05-21 16:55:08,E3_Hybrid_Complete,1,3001,FAILED (Code 1),1.51,run_E3_Hybrid_Complete_scen1_seed3001.log
2026-05-21 16:55:11,E3_Hybrid_Complete,1,5555,FAILED (Code 1),1.53,run_E3_Hybrid_Complete_scen1_seed5555.log
2026-05-21 16:55:14,E3_Hybrid_Complete,1,7777,FAILED (Code 1),1.49,run_E3_Hybrid_Complete_scen1_seed7777.log
2026-05-21 16:55:17,E3_Hybrid_Complete,1,9999,FAILED (Code 1),1.51,run_E3_Hybrid_Complete_scen1_seed9999.log
2026-05-21 16:55:20,E3_Hybrid_Complete,2,42,FAILED (Code 1),1.48,run_E3_Hybrid_Complete_scen2_seed42.log
2026-05-21 16:55:23,E3_Hybrid_Complete,2,123,FAILED (Code 1),1.48,run_E3_Hybrid_Complete_scen2_seed123.log
2026-05-21 16:55:26,E3_Hybrid_Complete,2,456,FAILED (Code 1),1.48,run_E3_Hybrid_Complete_scen2_seed456.log
2026-05-21 16:55:29,E3_Hybrid_Complete,2,789,FAILED (Code 1),1.49,run_E3_Hybrid_Complete_scen2_seed789.log
2026-05-21 16:55:32,E3_Hybrid_Complete,2,1337,FAILED (Code 1),1.49,run_E3_Hybrid_Complete_scen2_seed1337.log
2026-05-21 16:55:35,E3_Hybrid_Complete,2,2024,FAILED (Code 1),1.58,run_E3_Hybrid_Complete_scen2_seed2024.log
2026-05-21 16:55:38,E3_Hybrid_Complete,2,3001,FAILED (Code 1),1.51,run_E3_Hybrid_Complete_scen2_seed3001.log
2026-05-21 16:55:41,E3_Hybrid_Complete,2,5555,FAILED (Code 1),1.53,run_E3_Hybrid_Complete_scen2_seed5555.log
2026-05-21 16:55:44,E3_Hybrid_Complete,2,7777,FAILED (Code 1),1.53,run_E3_Hybrid_Complete_scen2_seed7777.log
2026-05-21 16:55:47,E3_Hybrid_Complete,2,9999,FAILED (Code 1),1.53,run_E3_Hybrid_Complete_scen2_seed9999.log
2026-05-21 16:55:50,E3_Hybrid_Complete,3,42,FAILED (Code 1),1.51,run_E3_Hybrid_Complete_scen3_seed42.log
2026-05-21 16:55:53,E3_Hybrid_Complete,3,123,FAILED (Code 1),1.51,run_E3_Hybrid_Complete_scen3_seed123.log
2026-05-21 16:55:56,E3_Hybrid_Complete,3,456,FAILED (Code 1),1.57,run_E3_Hybrid_Complete_scen3_seed456.log
2026-05-21 16:55:59,E3_Hybrid_Complete,3,789,FAILED (Code 1),1.48,run_E3_Hybrid_Complete_scen3_seed789.log
2026-05-21 16:56:02,E3_Hybrid_Complete,3,1337,FAILED (Code 1),1.49,run_E3_Hybrid_Complete_scen3_seed1337.log
2026-05-21 16:56:05,E3_Hybrid_Complete,3,2024,FAILED (Code 1),1.49,run_E3_Hybrid_Complete_scen3_seed2024.log
2026-05-21 16:56:08,E3_Hybrid_Complete,3,3001,FAILED (Code 1),1.49,run_E3_Hybrid_Complete_scen3_seed3001.log
2026-05-21 16:56:11,E3_Hybrid_Complete,3,5555,FAILED (Code 1),1.49,run_E3_Hybrid_Complete_scen3_seed5555.log
2026-05-21 16:56:14,E3_Hybrid_Complete,3,7777,FAILED (Code 1),1.48,run_E3_Hybrid_Complete_scen3_seed7777.log
2026-05-21 16:56:17,E3_Hybrid_Complete,3,9999,FAILED (Code 1),1.52,run_E3_Hybrid_Complete_scen3_seed9999.log
2026-05-21 16:56:20,E3_Hybrid_Complete,4,42,FAILED (Code 1),1.51,run_E3_Hybrid_Complete_scen4_seed42.log
2026-05-21 16:56:23,E3_Hybrid_Complete,4,123,FAILED (Code 1),1.53,run_E3_Hybrid_Complete_scen4_seed123.log
2026-05-21 16:56:26,E3_Hybrid_Complete,4,456,FAILED (Code 1),1.66,run_E3_Hybrid_Complete_scen4_seed456.log
2026-05-21 16:56:29,E3_Hybrid_Complete,4,789,FAILED (Code 1),1.61,run_E3_Hybrid_Complete_scen4_seed789.log
2026-05-21 16:56:32,E3_Hybrid_Complete,4,1337,FAILED (Code 1),1.55,run_E3_Hybrid_Complete_scen4_seed1337.log
2026-05-21 16:56:35,E3_Hybrid_Complete,4,2024,FAILED (Code 1),1.56,run_E3_Hybrid_Complete_scen4_seed2024.log
2026-05-21 16:56:39,E3_Hybrid_Complete,4,3001,FAILED (Code 1),1.56,run_E3_Hybrid_Complete_scen4_seed3001.log
2026-05-21 16:56:42,E3_Hybrid_Complete,4,5555,FAILED (Code 1),1.58,run_E3_Hybrid_Complete_scen4_seed5555.log
2026-05-21 16:56:45,E3_Hybrid_Complete,4,7777,FAILED (Code 1),1.56,run_E3_Hybrid_Complete_scen4_seed7777.log
2026-05-21 16:56:48,E3_Hybrid_Complete,4,9999,FAILED (Code 1),1.55,run_E3_Hybrid_Complete_scen4_seed9999.log
2026-05-21 16:56:51,E3_Hybrid_Complete,5,42,FAILED (Code 1),1.54,run_E3_Hybrid_Complete_scen5_seed42.log
2026-05-21 16:56:54,E3_Hybrid_Complete,5,123,FAILED (Code 1),1.49,run_E3_Hybrid_Complete_scen5_seed123.log
2026-05-21 16:56:57,E3_Hybrid_Complete,5,456,FAILED (Code 1),1.48,run_E3_Hybrid_Complete_scen5_seed456.log
2026-05-21 16:57:00,E3_Hybrid_Complete,5,789,FAILED (Code 1),1.47,run_E3_Hybrid_Complete_scen5_seed789.log
2026-05-21 16:57:03,E3_Hybrid_Complete,5,1337,FAILED (Code 1),1.48,run_E3_Hybrid_Complete_scen5_seed1337.log
2026-05-21 16:57:06,E3_Hybrid_Complete,5,2024,FAILED (Code 1),1.48,run_E3_Hybrid_Complete_scen5_seed2024.log
2026-05-21 16:57:09,E3_Hybrid_Complete,5,3001,FAILED (Code 1),1.48,run_E3_Hybrid_Complete_scen5_seed3001.log
2026-05-21 16:57:12,E3_Hybrid_Complete,5,5555,FAILED (Code 1),1.48,run_E3_Hybrid_Complete_scen5_seed5555.log
2026-05-21 16:57:15,E3_Hybrid_Complete,5,7777,FAILED (Code 1),1.48,run_E3_Hybrid_Complete_scen5_seed7777.log
2026-05-21 16:57:18,E3_Hybrid_Complete,5,9999,FAILED (Code 1),1.50,run_E3_Hybrid_Complete_scen5_seed9999.log
2026-05-21 16:57:21,E3_NoRL,0,42,FAILED (Code 1),1.48,run_E3_NoRL_scen0_seed42.log
2026-05-21 16:57:24,E3_NoRL,0,123,FAILED (Code 1),1.50,run_E3_NoRL_scen0_seed123.log
2026-05-21 16:57:27,E3_NoRL,0,456,FAILED (Code 1),1.49,run_E3_NoRL_scen0_seed456.log
2026-05-21 16:57:30,E3_NoRL,0,789,FAILED (Code 1),1.50,run_E3_NoRL_scen0_seed789.log
2026-05-21 16:57:33,E3_NoRL,0,1337,FAILED (Code 1),1.49,run_E3_NoRL_scen0_seed1337.log
2026-05-21 16:57:36,E3_NoRL,0,2024,FAILED (Code 1),1.49,run_E3_NoRL_scen0_seed2024.log
2026-05-21 16:57:39,E3_NoRL,0,3001,FAILED (Code 1),1.49,run_E3_NoRL_scen0_seed3001.log
2026-05-21 16:57:42,E3_NoRL,0,5555,FAILED (Code 1),1.49,run_E3_NoRL_scen0_seed5555.log
2026-05-21 16:57:45,E3_NoRL,0,7777,FAILED (Code 1),1.48,run_E3_NoRL_scen0_seed7777.log
2026-05-21 16:57:48,E3_NoRL,0,9999,FAILED (Code 1),1.59,run_E3_NoRL_scen0_seed9999.log
2026-05-21 16:57:51,E3_NoRL,1,42,FAILED (Code 1),1.50,run_E3_NoRL_scen1_seed42.log
2026-05-21 16:57:54,E3_NoRL,1,123,FAILED (Code 1),1.50,run_E3_NoRL_scen1_seed123.log
2026-05-21 16:57:57,E3_NoRL,1,456,FAILED (Code 1),1.51,run_E3_NoRL_scen1_seed456.log
2026-05-21 16:58:00,E3_NoRL,1,789,FAILED (Code 1),1.49,run_E3_NoRL_scen1_seed789.log
2026-05-21 16:58:03,E3_NoRL,1,1337,FAILED (Code 1),1.48,run_E3_NoRL_scen1_seed1337.log
2026-05-21 16:58:06,E3_NoRL,1,2024,FAILED (Code 1),1.49,run_E3_NoRL_scen1_seed2024.log
2026-05-21 16:58:09,E3_NoRL,1,3001,FAILED (Code 1),1.49,run_E3_NoRL_scen1_seed3001.log
2026-05-21 16:58:12,E3_NoRL,1,5555,FAILED (Code 1),1.50,run_E3_NoRL_scen1_seed5555.log
2026-05-21 16:58:15,E3_NoRL,1,7777,FAILED (Code 1),1.47,run_E3_NoRL_scen1_seed7777.log
2026-05-21 16:58:18,E3_NoRL,1,9999,FAILED (Code 1),1.49,run_E3_NoRL_scen1_seed9999.log
2026-05-21 16:58:21,E3_NoRL,2,42,FAILED (Code 1),1.49,run_E3_NoRL_scen2_seed42.log
2026-05-21 16:58:24,E3_NoRL,2,123,FAILED (Code 1),1.51,run_E3_NoRL_scen2_seed123.log
2026-05-21 16:58:27,E3_NoRL,2,456,FAILED (Code 1),1.50,run_E3_NoRL_scen2_seed456.log
2026-05-21 16:58:30,E3_NoRL,2,789,FAILED (Code 1),1.55,run_E3_NoRL_scen2_seed789.log
2026-05-21 16:58:33,E3_NoRL,2,1337,FAILED (Code 1),1.64,run_E3_NoRL_scen2_seed1337.log
2026-05-21 16:58:36,E3_NoRL,2,2024,FAILED (Code 1),1.54,run_E3_NoRL_scen2_seed2024.log
2026-05-21 16:58:39,E3_NoRL,2,3001,FAILED (Code 1),1.50,run_E3_NoRL_scen2_seed3001.log
2026-05-21 16:58:42,E3_NoRL,2,5555,FAILED (Code 1),1.51,run_E3_NoRL_scen2_seed5555.log
2026-05-21 16:58:45,E3_NoRL,2,7777,FAILED (Code 1),1.54,run_E3_NoRL_scen2_seed7777.log
2026-05-21 16:58:48,E3_NoRL,2,9999,FAILED (Code 1),1.48,run_E3_NoRL_scen2_seed9999.log
2026-05-21 16:58:51,E3_NoRL,3,42,FAILED (Code 1),1.50,run_E3_NoRL_scen3_seed42.log
2026-05-21 16:58:54,E3_NoRL,3,123,FAILED (Code 1),1.48,run_E3_NoRL_scen3_seed123.log
2026-05-21 16:58:57,E3_NoRL,3,456,FAILED (Code 1),1.54,run_E3_NoRL_scen3_seed456.log
2026-05-21 16:59:00,E3_NoRL,3,789,FAILED (Code 1),1.51,run_E3_NoRL_scen3_seed789.log
2026-05-21 16:59:03,E3_NoRL,3,1337,FAILED (Code 1),1.57,run_E3_NoRL_scen3_seed1337.log
2026-05-21 16:59:06,E3_NoRL,3,2024,FAILED (Code 1),1.56,run_E3_NoRL_scen3_seed2024.log
2026-05-21 16:59:09,E3_NoRL,3,3001,FAILED (Code 1),1.57,run_E3_NoRL_scen3_seed3001.log
2026-05-21 16:59:12,E3_NoRL,3,5555,FAILED (Code 1),1.50,run_E3_NoRL_scen3_seed5555.log
2026-05-21 16:59:15,E3_NoRL,3,7777,FAILED (Code 1),1.57,run_E3_NoRL_scen3_seed7777.log
2026-05-21 16:59:18,E3_NoRL,3,9999,FAILED (Code 1),1.55,run_E3_NoRL_scen3_seed9999.log
2026-05-21 16:59:21,E3_NoRL,4,42,FAILED (Code 1),1.55,run_E3_NoRL_scen4_seed42.log
2026-05-21 16:59:24,E3_NoRL,4,123,FAILED (Code 1),1.50,run_E3_NoRL_scen4_seed123.log
2026-05-21 16:59:27,E3_NoRL,4,456,FAILED (Code 1),1.55,run_E3_NoRL_scen4_seed456.log
2026-05-21 16:59:30,E3_NoRL,4,789,FAILED (Code 1),1.59,run_E3_NoRL_scen4_seed789.log
2026-05-21 16:59:33,E3_NoRL,4,1337,FAILED (Code 1),1.51,run_E3_NoRL_scen4_seed1337.log
2026-05-21 16:59:37,E3_NoRL,4,2024,FAILED (Code 1),1.52,run_E3_NoRL_scen4_seed2024.log
2026-05-21 16:59:40,E3_NoRL,4,3001,FAILED (Code 1),1.51,run_E3_NoRL_scen4_seed3001.log
2026-05-21 16:59:43,E3_NoRL,4,5555,FAILED (Code 1),1.53,run_E3_NoRL_scen4_seed5555.log
2026-05-21 16:59:46,E3_NoRL,4,7777,FAILED (Code 1),1.54,run_E3_NoRL_scen4_seed7777.log
2026-05-21 16:59:49,E3_NoRL,4,9999,FAILED (Code 1),1.52,run_E3_NoRL_scen4_seed9999.log
2026-05-21 16:59:52,E3_NoRL,5,42,FAILED (Code 1),1.58,run_E3_NoRL_scen5_seed42.log
2026-05-21 16:59:55,E3_NoRL,5,123,FAILED (Code 1),1.50,run_E3_NoRL_scen5_seed123.log
2026-05-21 16:59:58,E3_NoRL,5,456,FAILED (Code 1),1.52,run_E3_NoRL_scen5_seed456.log
2026-05-21 17:00:01,E3_NoRL,5,789,FAILED (Code 1),1.50,run_E3_NoRL_scen5_seed789.log
2026-05-21 17:00:04,E3_NoRL,5,1337,FAILED (Code 1),1.56,run_E3_NoRL_scen5_seed1337.log
2026-05-21 17:00:07,E3_NoRL,5,2024,FAILED (Code 1),1.56,run_E3_NoRL_scen5_seed2024.log
2026-05-21 17:00:10,E3_NoRL,5,3001,FAILED (Code 1),1.51,run_E3_NoRL_scen5_seed3001.log
2026-05-21 17:00:13,E3_NoRL,5,5555,FAILED (Code 1),1.51,run_E3_NoRL_scen5_seed5555.log
2026-05-21 17:00:16,E3_NoRL,5,7777,FAILED (Code 1),1.60,run_E3_NoRL_scen5_seed7777.log
2026-05-21 17:00:19,E3_NoRL,5,9999,FAILED (Code 1),1.58,run_E3_NoRL_scen5_seed9999.log
2026-05-21 17:03:59,Baseline_SUMO,0,42,FAILED (Code 1),1.52,run_Baseline_SUMO_scen0_seed42.log
2026-05-21 17:04:02,Baseline_SUMO,0,123,FAILED (Code 1),1.47,run_Baseline_SUMO_scen0_seed123.log
2026-05-21 17:04:05,Baseline_SUMO,0,456,FAILED (Code 1),1.50,run_Baseline_SUMO_scen0_seed456.log
2026-05-21 17:04:08,Baseline_SUMO,0,789,FAILED (Code 1),1.56,run_Baseline_SUMO_scen0_seed789.log
2026-05-21 17:04:11,Baseline_SUMO,0,1337,FAILED (Code 1),1.50,run_Baseline_SUMO_scen0_seed1337.log
2026-05-21 17:04:14,Baseline_SUMO,0,2024,FAILED (Code 1),1.59,run_Baseline_SUMO_scen0_seed2024.log
2026-05-21 17:04:17,Baseline_SUMO,0,3001,FAILED (Code 1),1.56,run_Baseline_SUMO_scen0_seed3001.log
2026-05-21 17:04:20,Baseline_SUMO,0,5555,FAILED (Code 1),1.51,run_Baseline_SUMO_scen0_seed5555.log
2026-05-21 17:04:23,Baseline_SUMO,0,7777,FAILED (Code 1),1.54,run_Baseline_SUMO_scen0_seed7777.log
2026-05-21 17:04:26,Baseline_SUMO,0,9999,FAILED (Code 1),1.50,run_Baseline_SUMO_scen0_seed9999.log
2026-05-21 17:04:29,Baseline_SUMO,1,42,FAILED (Code 1),1.52,run_Baseline_SUMO_scen1_seed42.log
2026-05-21 17:04:32,Baseline_SUMO,1,123,FAILED (Code 1),1.50,run_Baseline_SUMO_scen1_seed123.log
2026-05-21 17:04:35,Baseline_SUMO,1,456,FAILED (Code 1),1.60,run_Baseline_SUMO_scen1_seed456.log
2026-05-21 17:04:38,Baseline_SUMO,1,789,FAILED (Code 1),1.50,run_Baseline_SUMO_scen1_seed789.log
2026-05-21 17:04:55,Baseline_SUMO,0,42,FAILED (Code 1),1.54,run_Baseline_SUMO_scen0_seed42.log
2026-05-21 17:04:58,Baseline_SUMO,0,123,FAILED (Code 1),1.59,run_Baseline_SUMO_scen0_seed123.log
2026-05-21 17:05:01,Baseline_SUMO,0,456,FAILED (Code 1),1.55,run_Baseline_SUMO_scen0_seed456.log
2026-05-21 17:05:04,Baseline_SUMO,0,789,FAILED (Code 1),1.54,run_Baseline_SUMO_scen0_seed789.log
2026-05-21 17:05:08,Baseline_SUMO,0,1337,FAILED (Code 1),1.68,run_Baseline_SUMO_scen0_seed1337.log
2026-05-21 17:05:11,Baseline_SUMO,0,2024,FAILED (Code 1),1.57,run_Baseline_SUMO_scen0_seed2024.log
2026-05-21 17:05:14,Baseline_SUMO,0,3001,FAILED (Code 1),1.57,run_Baseline_SUMO_scen0_seed3001.log
2026-05-21 17:10:13,Baseline_SUMO,0,42,FAILED (Code 1),1.61,run_Baseline_SUMO_scen0_seed42.log
2026-05-21 17:10:16,Baseline_SUMO,0,123,FAILED (Code 1),1.58,run_Baseline_SUMO_scen0_seed123.log
2026-05-21 17:10:19,Baseline_SUMO,0,456,FAILED (Code 1),1.58,run_Baseline_SUMO_scen0_seed456.log
2026-05-21 17:10:22,Baseline_SUMO,0,789,FAILED (Code 1),1.58,run_Baseline_SUMO_scen0_seed789.log
2026-05-21 17:10:25,Baseline_SUMO,0,1337,FAILED (Code 1),1.61,run_Baseline_SUMO_scen0_seed1337.log
2026-05-21 17:10:28,Baseline_SUMO,0,2024,FAILED (Code 1),1.70,run_Baseline_SUMO_scen0_seed2024.log
2026-05-21 17:10:31,Baseline_SUMO,0,3001,FAILED (Code 1),1.60,run_Baseline_SUMO_scen0_seed3001.log
2026-05-21 17:10:34,Baseline_SUMO,0,5555,FAILED (Code 1),1.61,run_Baseline_SUMO_scen0_seed5555.log
2026-05-21 17:10:38,Baseline_SUMO,0,7777,FAILED (Code 1),1.60,run_Baseline_SUMO_scen0_seed7777.log
2026-05-21 17:10:41,Baseline_SUMO,0,9999,FAILED (Code 1),1.54,run_Baseline_SUMO_scen0_seed9999.log
2026-05-21 17:10:44,Baseline_SUMO,1,42,FAILED (Code 1),1.55,run_Baseline_SUMO_scen1_seed42.log
2026-05-21 17:10:47,Baseline_SUMO,1,123,FAILED (Code 1),1.60,run_Baseline_SUMO_scen1_seed123.log
2026-05-21 17:10:50,Baseline_SUMO,1,456,FAILED (Code 1),1.61,run_Baseline_SUMO_scen1_seed456.log
2026-05-21 17:10:53,Baseline_SUMO,1,789,FAILED (Code 1),1.56,run_Baseline_SUMO_scen1_seed789.log
2026-05-21 17:10:56,Baseline_SUMO,1,1337,FAILED (Code 1),1.57,run_Baseline_SUMO_scen1_seed1337.log
2026-05-21 17:10:59,Baseline_SUMO,1,2024,FAILED (Code 1),1.60,run_Baseline_SUMO_scen1_seed2024.log
2026-05-21 17:11:02,Baseline_SUMO,1,3001,FAILED (Code 1),1.58,run_Baseline_SUMO_scen1_seed3001.log
2026-05-21 17:11:05,Baseline_SUMO,1,5555,FAILED (Code 1),1.58,run_Baseline_SUMO_scen1_seed5555.log
2026-05-21 17:11:08,Baseline_SUMO,1,7777,FAILED (Code 1),1.68,run_Baseline_SUMO_scen1_seed7777.log
2026-05-21 17:11:12,Baseline_SUMO,1,9999,FAILED (Code 1),1.69,run_Baseline_SUMO_scen1_seed9999.log
2026-05-21 17:11:15,Baseline_SUMO,2,42,FAILED (Code 1),1.68,run_Baseline_SUMO_scen2_seed42.log
2026-05-21 17:11:18,Baseline_SUMO,2,123,FAILED (Code 1),1.69,run_Baseline_SUMO_scen2_seed123.log
2026-05-21 17:11:21,Baseline_SUMO,2,456,FAILED (Code 1),1.69,run_Baseline_SUMO_scen2_seed456.log
2026-05-21 17:11:24,Baseline_SUMO,2,789,FAILED (Code 1),1.75,run_Baseline_SUMO_scen2_seed789.log
2026-05-21 17:11:28,Baseline_SUMO,2,1337,FAILED (Code 1),1.63,run_Baseline_SUMO_scen2_seed1337.log
2026-05-21 17:11:31,Baseline_SUMO,2,2024,FAILED (Code 1),1.58,run_Baseline_SUMO_scen2_seed2024.log
2026-05-21 17:11:34,Baseline_SUMO,2,3001,FAILED (Code 1),1.64,run_Baseline_SUMO_scen2_seed3001.log
2026-05-21 17:11:37,Baseline_SUMO,2,5555,FAILED (Code 1),1.65,run_Baseline_SUMO_scen2_seed5555.log
2026-05-21 17:11:40,Baseline_SUMO,2,7777,FAILED (Code 1),1.63,run_Baseline_SUMO_scen2_seed7777.log
2026-05-21 17:11:43,Baseline_SUMO,2,9999,FAILED (Code 1),1.61,run_Baseline_SUMO_scen2_seed9999.log
2026-05-21 17:11:46,Baseline_SUMO,3,42,FAILED (Code 1),1.64,run_Baseline_SUMO_scen3_seed42.log
2026-05-21 17:11:49,Baseline_SUMO,3,123,FAILED (Code 1),1.61,run_Baseline_SUMO_scen3_seed123.log
2026-05-21 17:11:53,Baseline_SUMO,3,456,FAILED (Code 1),1.62,run_Baseline_SUMO_scen3_seed456.log
2026-05-21 17:11:56,Baseline_SUMO,3,789,FAILED (Code 1),1.65,run_Baseline_SUMO_scen3_seed789.log
2026-05-21 17:11:59,Baseline_SUMO,3,1337,FAILED (Code 1),1.66,run_Baseline_SUMO_scen3_seed1337.log
2026-05-21 17:12:02,Baseline_SUMO,3,2024,FAILED (Code 1),1.60,run_Baseline_SUMO_scen3_seed2024.log
2026-05-21 17:12:05,Baseline_SUMO,3,3001,FAILED (Code 1),1.65,run_Baseline_SUMO_scen3_seed3001.log
2026-05-21 17:12:08,Baseline_SUMO,3,5555,FAILED (Code 1),1.64,run_Baseline_SUMO_scen3_seed5555.log
2026-05-21 17:12:11,Baseline_SUMO,3,7777,FAILED (Code 1),1.65,run_Baseline_SUMO_scen3_seed7777.log
2026-05-21 17:12:15,Baseline_SUMO,3,9999,FAILED (Code 1),1.62,run_Baseline_SUMO_scen3_seed9999.log
2026-05-21 17:12:18,Baseline_SUMO,4,42,FAILED (Code 1),1.54,run_Baseline_SUMO_scen4_seed42.log
2026-05-21 17:12:21,Baseline_SUMO,4,123,FAILED (Code 1),1.61,run_Baseline_SUMO_scen4_seed123.log
2026-05-21 17:12:24,Baseline_SUMO,4,456,FAILED (Code 1),1.56,run_Baseline_SUMO_scen4_seed456.log
2026-05-21 17:12:27,Baseline_SUMO,4,789,FAILED (Code 1),1.55,run_Baseline_SUMO_scen4_seed789.log
2026-05-21 17:12:30,Baseline_SUMO,4,1337,FAILED (Code 1),1.55,run_Baseline_SUMO_scen4_seed1337.log
2026-05-21 17:12:33,Baseline_SUMO,4,2024,FAILED (Code 1),1.53,run_Baseline_SUMO_scen4_seed2024.log
2026-05-21 17:12:36,Baseline_SUMO,4,3001,FAILED (Code 1),1.59,run_Baseline_SUMO_scen4_seed3001.log
2026-05-21 17:12:39,Baseline_SUMO,4,5555,FAILED (Code 1),1.57,run_Baseline_SUMO_scen4_seed5555.log
2026-05-21 17:12:42,Baseline_SUMO,4,7777,FAILED (Code 1),1.55,run_Baseline_SUMO_scen4_seed7777.log
2026-05-21 17:12:45,Baseline_SUMO,4,9999,FAILED (Code 1),1.57,run_Baseline_SUMO_scen4_seed9999.log
2026-05-21 17:12:48,Baseline_SUMO,5,42,FAILED (Code 1),1.53,run_Baseline_SUMO_scen5_seed42.log
2026-05-21 17:12:51,Baseline_SUMO,5,123,FAILED (Code 1),1.61,run_Baseline_SUMO_scen5_seed123.log
2026-05-21 17:12:55,Baseline_SUMO,5,456,FAILED (Code 1),1.69,run_Baseline_SUMO_scen5_seed456.log
2026-05-21 17:12:58,Baseline_SUMO,5,789,FAILED (Code 1),1.70,run_Baseline_SUMO_scen5_seed789.log
2026-05-21 17:13:01,Baseline_SUMO,5,1337,FAILED (Code 1),1.68,run_Baseline_SUMO_scen5_seed1337.log
2026-05-21 17:13:04,Baseline_SUMO,5,2024,FAILED (Code 1),1.71,run_Baseline_SUMO_scen5_seed2024.log
2026-05-21 17:13:07,Baseline_SUMO,5,3001,FAILED (Code 1),1.65,run_Baseline_SUMO_scen5_seed3001.log
2026-05-21 17:13:10,Baseline_SUMO,5,5555,FAILED (Code 1),1.61,run_Baseline_SUMO_scen5_seed5555.log
2026-05-21 17:13:14,Baseline_SUMO,5,7777,FAILED (Code 1),1.59,run_Baseline_SUMO_scen5_seed7777.log
2026-05-21 17:13:17,Baseline_SUMO,5,9999,FAILED (Code 1),1.57,run_Baseline_SUMO_scen5_seed9999.log
2026-05-21 17:13:20,Dijkstra,0,42,FAILED (Code 1),1.70,run_Dijkstra_scen0_seed42.log
2026-05-21 17:13:23,Dijkstra,0,123,FAILED (Code 1),1.68,run_Dijkstra_scen0_seed123.log
2026-05-21 17:13:26,Dijkstra,0,456,FAILED (Code 1),1.52,run_Dijkstra_scen0_seed456.log
2026-05-21 17:13:29,Dijkstra,0,789,FAILED (Code 1),1.53,run_Dijkstra_scen0_seed789.log
